parcels_count,x_tens,daily_income_uah
80,8.0,1067.7125
43,4.3,755.2661
27,2.7,700.8512
96,9.6,1214.1743
29,2.9,698.1521
76,7.6,1029.4409
81,8.1,1131.3491
70,7.0,971.6582
33,3.3,756.7299
49,4.9,831.89105
60,6.0,922.4739
96,9.6,1187.1539
28,2.8,681.19543
29,2.9,596.9295
38,3.8,748.63666
51,5.1,816.36926
40,4.0,800.777
24,2.4,744.2965
23,2.3,656.8643
69,6.9,1056.3826
51,5.1,875.3375
73,7.3,1005.3124
75,7.5,1092.2147
61,6.1,879.86414
82,8.2,1175.4456
24,2.4,715.4011
31,3.1,733.2006
56,5.6,900.24316
48,4.8,849.12714
48,4.8,862.2046
59,5.9,853.0521
23,2.3,600.26074
27,2.7,646.55237
36,3.6,724.5602
37,3.7,747.4686
99,9.9,1261.7361
22,2.2,661.4152
88,8.8,1161.2977
75,7.5,1081.4552
68,6.8,991.68317
22,2.2,631.4548
59,5.9,934.35205
75,7.5,1116.467
86,8.6,1145.0049
86,8.6,1162.3363
91,9.1,1243.2347
88,8.8,1150.6111
60,6.0,973.3765
47,4.7,833.8149
76,7.6,1004.59827
95,9.5,1225.7805
92,9.2,1254.2418
30,3.0,658.2423
65,6.5,985.0093
72,7.2,1029.5164
42,4.2,736.34064
75,7.5,1027.3497
34,3.4,737.95685
79,7.9,1136.7797
41,4.1,767.9244
94,9.4,1278.0125
68,6.8,1061.8032
40,4.0,771.1236
99,9.9,1234.9852
56,5.6,914.3418
97,9.7,1175.5626
44,4.4,838.6606
84,8.4,1120.8798
81,8.1,1089.2623
45,4.5,816.652
64,6.4,1047.7667
74,7.4,1110.1827
36,3.6,799.8417
54,5.4,903.7902
54,5.4,921.7384
49,4.9,862.26685
95,9.5,1204.4125
84,8.4,1074.77
46,4.6,766.6828
70,7.0,1027.9395
44,4.4,821.6115
33,3.3,696.50134
94,9.4,1153.1956
77,7.7,1042.5834
96,9.6,1244.6549
94,9.4,1199.0294
63,6.3,945.6158
38,3.8,760.65283
31,3.1,624.73486
75,7.5,1064.2798
96,9.6,1254.5715
67,6.7,1073.5294
68,6.8,954.59393
62,6.2,846.4616
45,4.5,796.74725
67,6.7,1019.7432
99,9.9,1229.2704
54,5.4,930.617
25,2.5,706.79877
100,10.0,1247.814
36,3.6,738.988
23,2.3,591.4341
92,9.2,1155.5923
43,4.3,777.69977
96,9.6,1230.4214
62,6.2,960.85803
83,8.3,1124.7874
21,2.1,649.5998
45,4.5,847.78424
59,5.9,858.7038
71,7.1,1057.4851
83,8.3,1159.8269
80,8.0,981.57074
56,5.6,873.47974
79,7.9,1137.6692
94,9.4,1210.9142
76,7.6,1085.355
27,2.7,613.0164
83,8.3,1093.3567
83,8.3,1138.0073
43,4.3,810.58026
60,6.0,984.65424
28,2.8,729.7889
76,7.6,1028.4164
24,2.4,622.66693
77,7.7,1036.3882
95,9.5,1222.5713
37,3.7,751.66223
47,4.7,813.93695
73,7.3,977.8664
54,5.4,828.9173
28,2.8,634.2098
70,7.0,990.24005
69,6.9,1047.4645
63,6.3,935.52637
87,8.7,1202.7992
82,8.2,1138.8428
39,3.9,759.2988
74,7.4,1079.9626
75,7.5,1034.0665
91,9.1,1205.5961
29,2.9,629.4826
58,5.8,915.51215
58,5.8,867.1915
69,6.9,1096.6567
70,7.0,984.70624
49,4.9,827.5393
82,8.2,1038.3335
21,2.1,562.6446
27,2.7,685.47485
57,5.7,865.9188
88,8.8,1155.318
56,5.6,958.657
42,4.2,768.4429
68,6.8,978.0038
33,3.3,660.83466
77,7.7,1129.6558
78,7.8,1069.1675
26,2.6,638.6792
99,9.9,1246.5319
22,2.2,670.90466
91,9.1,1227.964
24,2.4,698.7751
86,8.6,1144.0773
21,2.1,661.86566
55,5.5,862.6523
43,4.3,796.6417
85,8.5,1129.969
26,2.6,652.9581
34,3.4,697.49524
21,2.1,598.658
46,4.6,796.3245
71,7.1,975.6112
88,8.8,1166.2292
77,7.7,1082.6023
42,4.2,757.3034
79,7.9,1090.235
74,7.4,1052.888
89,8.9,1164.4342
78,7.8,1026.9025
49,4.9,906.8678
61,6.1,972.05066
65,6.5,953.9812
60,6.0,905.6469
96,9.6,1246.5344
63,6.3,975.1938
82,8.2,1069.5948
38,3.8,781.4524
81,8.1,1079.9878
49,4.9,839.08136
83,8.3,1092.0818
52,5.2,820.29785
77,7.7,1025.9626
57,5.7,903.476
24,2.4,603.57275
26,2.6,691.2557
22,2.2,673.1977
46,4.6,804.74286
30,3.0,715.98016
37,3.7,749.79834
36,3.6,776.11334
73,7.3,1081.5627
66,6.6,955.2679
61,6.1,903.99384
98,9.8,1195.446
26,2.6,555.32825
77,7.7,1094.3845
75,7.5,1082.7937
23,2.3,670.5741
25,2.5,690.3802
92,9.2,1221.7848
90,9.0,1158.4882
26,2.6,603.4492
33,3.3,721.7183
94,9.4,1177.5867
23,2.3,640.52936
52,5.2,850.35266
21,2.1,624.7941
22,2.2,591.18384
76,7.6,1059.2203
54,5.4,902.8678
42,4.2,767.4453
86,8.6,1145.295
92,9.2,1170.5336
58,5.8,840.80133
53,5.3,888.5883
57,5.7,937.57263
76,7.6,1004.6378
37,3.7,799.754
91,9.1,1126.3108
89,8.9,1192.6498
51,5.1,883.81604
68,6.8,1025.1154
71,7.1,1015.69507
55,5.5,837.3147
32,3.2,712.32745
24,2.4,652.16125
71,7.1,1010.83765
32,3.2,753.9714
80,8.0,1072.8313
42,4.2,807.75476
80,8.0,1069.1434
20,2.0,579.6979
37,3.7,742.9749
55,5.5,820.4959
53,5.3,868.98596
84,8.4,1067.3674
66,6.6,1022.46985
73,7.3,1018.94525
51,5.1,897.4967
67,6.7,1011.6601
68,6.8,940.74603
45,4.5,890.2835
40,4.0,719.8759
99,9.9,1286.7548
29,2.9,752.9311
83,8.3,1150.9042
34,3.4,741.4866
80,8.0,1149.6782
31,3.1,698.5306
100,10.0,1324.3799
29,2.9,786.88586
36,3.6,752.7621
45,4.5,825.2119
87,8.7,1196.285
24,2.4,690.6921
100,10.0,1273.3579
86,8.6,1273.3735
55,5.5,908.9562
86,8.6,1164.0134
52,5.2,912.64954
26,2.6,658.6774
44,4.4,811.34875
26,2.6,714.33386
53,5.3,791.25446
50,5.0,884.74274
84,8.4,1089.8713
32,3.2,661.164
80,8.0,1097.8257
90,9.0,1138.7393
45,4.5,785.5224
52,5.2,890.1048
97,9.7,1192.5527
93,9.3,1180.6696
62,6.2,967.032
62,6.2,1013.3116
34,3.4,725.86945
93,9.3,1204.283
28,2.8,692.9108
77,7.7,1080.5609
36,3.6,726.75195
45,4.5,768.5005
50,5.0,830.0955
29,2.9,674.70874
97,9.7,1217.5199
30,3.0,722.6487
49,4.9,877.92865
79,7.9,1075.8446
34,3.4,699.2721
30,3.0,686.5282
